Time,X Position,Y Position,Error,Linear Velocity,Angular Velocity
0.12482023239135742,-0.009944208754643904,-6.432188514407493,3.155220545686475,2.306173901386088,0.5889547386150266
0.19825983047485352,-0.009946123040815491,-6.432188657552793,3.1552218754717174,0.33396941589257123,0.08529040569725171
0.24772262573242188,-0.009947981368977413,-6.432188796510264,3.1552231663828905,0.3964990128757202,0.10125936187936384
0.33001065254211426,-0.009820252518587204,-6.432178982711241,3.1551342366650843,0.4797681562494881,0.1224898528970222
0.398496150970459,-0.009413856621438408,-6.432148185367408,3.154851635619054,0.5802860713777604,0.1480848042663678
0.4593527317047119,-0.008730444927997075,-6.432096261083334,3.1543763604801764,0.6961397216971162,0.1775672476512173
0.5307626724243164,-0.007736458214489322,-6.4320201400555,3.1536847729726,0.8299715797951388,0.2115873398608831
0.6161277294158936,-0.006393384459611537,-6.43191595821066,3.1527495366747686,0.985279280451975,0.2510238778697779
0.7303781509399414,-0.004693832155162173,-6.431775849566344,3.1515601125815556,1.16932173205388,0.29753996336320615
0.812952995300293,-0.002486968090485225,-6.431582823926705,3.150007791575696,1.3740397295360922,0.34885645556858713
0.8758246898651123,0.00026376301991379823,-6.431321610104431,3.148058098137974,1.5944301835702455,0.40377356221592914
0.943812370300293,0.003247463009684265,-6.431016874344956,3.1459281201780787,1.8317906027495603,0.4624124013865941
1.0080640316009521,0.006303982089493988,-6.430682129246616,3.143730176918985,2.0851473862322396,0.5242272053868982
1.0757389068603516,0.009195281166052002,-6.430306990150236,3.141607151587323,2.355358012448856,0.5890148226759557
1.1614623069763184,0.012078835657076,-6.429871033226864,3.139443229898817,2.6469013328006326,0.6577861522984003
1.2376694679260254,0.015306086954127008,-6.42939732741458,3.137033838346415,2.9573107723707457,0.7303724302446123
1.3200716972351074,0.019307247698176877,-6.428775954038652,3.134022401632978,3.2880138350207413,0.8069087908180891
1.4082119464874268,0.02394150188479998,-6.428015683794844,3.130505925362072,3.6403885160170866,0.8874869945056276
1.5188877582550049,0.029217838529337743,-6.427102825446531,3.1264693270943043,4.0199532287572355,0.9732289940569074
1.6175758838653564,0.03499439702060482,-6.426090436099632,3.1220444942176147,4.423604523089741,1.0632913299583928
1.7046730518341064,0.040673076757367733,-6.425019678100807,3.1176405231071116,4.848428988359079,1.156803532505271
1.7738423347473145,0.04673533895317087,-6.423741327913838,3.1128387142176064,5.28976976782454,1.2524271315371793
1.856982946395874,0.05367515595195057,-6.42219512384221,3.1072833177107686,5.750916337354839,1.3506833414206922
1.965151071548462,0.06104510549355495,-6.420464211373087,3.101321183216669,6.238001153753359,1.4528831265876792
2.067800521850586,0.06879899752707413,-6.418605684537558,3.095026780050509,6.749488634614234,1.558522617687829
2.1548526287078857,0.07723486707454148,-6.41636150980196,3.0880137147438744,7.281247904139845,1.6662415744909076
2.2315807342529297,0.08593031037406444,-6.413902648573156,3.080679920656027,7.830641531587836,1.7752399251698794
2.3068454265594482,0.09530107814446988,-6.411108431365723,3.072673404499817,8.397040865799362,1.8852511405508163
2.382006883621216,0.10522592211503182,-6.40807810493002,3.0641489790263443,8.980256195824468,1.9959367710478384
2.4518632888793945,0.11511902824146862,-6.404747834735134,3.0554195172448413,9.578876981465866,2.1066987769236993
2.543531656265259,0.12565594376050324,-6.400978495312186,3.045958531581134,10.197906715489912,2.21819006417027
2.617701768875122,0.13696099584351235,-6.396778747735531,3.035698057548724,10.832794049644491,2.329274119026278
2.662489652633667,0.14808136624672033,-6.392388511681099,3.0254132638147664,11.476386331044827,2.438462687053691
2.703620672225952,0.15972187624644504,-6.387427406453536,3.0143711108374434,12.127462533843067,2.5452071158732426
2.7518184185028076,0.1721557889344896,-6.381912867009009,3.002419585259325,12.787454778737919,2.6495327903594896
2.8080356121063232,0.18435659151638303,-6.376190834298207,2.9904588055635903,13.458289794528875,2.751565422220019
2.8628222942352295,0.19701388014865487,-6.369793805829806,2.9776973705408554,14.139222500481706,2.850782254453903
2.9223904609680176,0.21036128952796493,-6.3628155416453405,2.9640688247509996,14.8310890654602,2.947020387488863
2.977377414703369,0.22346016580358027,-6.355472100027327,2.9503122879610197,15.532727447414134,3.0398432550762666
3.034799814224243,0.2369511902420733,-6.347434653583982,2.9357776752396956,16.24431096495524,3.1289717207163616
3.0922863483428955,0.25097597418374523,-6.338788214951295,2.920447800813698,16.965539992949672,3.2138959467184285
3.146713972091675,0.2647991215188331,-6.329536396566406,2.904765379787051,17.69552056064366,3.294274516865714
3.1963307857513428,0.27882361754991686,-6.319816853490645,2.8885979943985265,18.43285439659376,3.369774934043772
3.257291793823242,0.29333011213988436,-6.309057461123444,2.8713182451442583,19.17966997837124,3.439791720244725
3.3124935626983643,0.3075867852422009,-6.297897413278017,2.8538736852630024,19.93455256256676,3.5043300932736337
3.3654375076293945,0.3218441355791499,-6.2861644774894065,2.8359751626952767,20.69666029205366,3.562754615264634
3.422503709793091,0.3365982013897862,-6.273155549736112,2.816760851921188,21.46632944241535,3.6144488950078824
3.4733049869537354,0.3509009831685572,-6.259993832287572,2.7976954246830186,22.24219416413615,3.659361419134775
3.5328407287597656,0.3651460434029103,-6.245870515239816,2.7778916160686897,23.025708430619048,3.69698324982746
3.588041067123413,0.37976334209323626,-6.230751245584312,2.7570669101965657,23.815424135020486,3.7266077598689034
3.6403350830078125,0.39380208282232876,-6.2151032494361145,2.736156822042246,24.610598335301034,3.748140089362811
3.690699577331543,0.4077128755795137,-6.198861530073053,2.714842594890258,25.410464181128606,3.761098153668348
3.7480661869049072,0.42183401534521686,-6.1811767401401605,2.6922369596396707,26.2158898226574,3.7646970288550405
3.7987446784973145,0.4353389536638645,-6.163332485132521,2.669863597855018,27.02548169306434,3.7589904997361048
3.8524224758148193,0.44860338617501727,-6.144677786492595,2.6469745486616225,27.83942756492688,3.7434842511693485
3.902702569961548,0.4619756546449986,-6.124649217083903,2.6229092974328947,28.656399146492312,3.717327703645052
3.956088066101074,0.4746888676697549,-6.104526106596055,2.5991545132513623,29.477110431071083,3.6807374908093102
4.007397174835205,0.48703192520765226,-6.083531660050346,2.5749129254739884,30.300663439042363,3.633092739756115
4.083929538726807,0.49942972002221425,-6.061253106212757,2.549603014789626,31.131618712884862,3.5733605228943293
4.142683982849121,0.511015876757136,-6.038594589009734,2.524468581228352,31.96626442311345,3.5009790304541464
4.230025768280029,0.5222166564750714,-6.015493518494993,2.4992114223280595,32.80998984875989,3.413479706761852
4.340242862701416,0.533349675522111,-5.991259611495454,2.473090781727214,33.66660158098172,3.3078337757803324
4.395976543426514,0.5438881916702344,-5.9670420976844145,2.447348812985203,34.525234256871,3.18413796084527
4.444613695144653,0.5539255946009319,-5.942632095260877,2.4217660174938316,35.384300777240654,3.0424931352768865
4.494643449783325,0.5636155217697556,-5.917663961666209,2.3959623200655957,36.243757382955565,2.882262531903935
4.565441608428955,0.5723291574599007,-5.893371024715012,2.371307207400495,37.10789739004482,2.7029379868102974
4.6171956062316895,0.5804379101512348,-5.86904018741008,2.347012515750545,37.972894172213174,2.504725077178413
4.6655402183532715,0.5881783536063097,-5.843921111506414,2.3223448121854857,38.83771817150009,2.2868813145222684
4.730276346206665,0.5949878863290072,-5.819442944303189,2.298789174138613,39.705770961149945,2.0490943267759265
4.782656908035278,0.6011016556403295,-5.7949369711120005,2.275679087243399,40.574637354686146,1.7914635078385317
4.839393377304077,0.6067125162852167,-5.769722416050163,2.2523692952415018,41.44478188609198,1.512871238496903
4.9009716510772705,0.611415387472372,-5.745264569639152,2.230272549305631,42.31747899192192,1.213563861377473
4.965486764907837,0.6153293086370305,-5.720831080580699,2.208749087472848,43.19317218650495,0.8928673997418901
5.038784027099609,0.618554775945541,-5.695743196339026,2.1872210439260527,44.073129671383775,0.5492582090503164
5.099420785903931,0.6209172563590476,-5.67151324739529,2.166985406048274,44.95556479375755,0.18410054630247155
5.1586925983428955,0.6224756033685084,-5.647409669397319,2.1474478066157365,45.84025810676657,-0.20288423581147041
5.225953817367554,0.6231929100551872,-5.622723183883978,2.128104389929417,46.728427526452414,-0.6131747193865595
5.286585092544556,0.6230198686807247,-5.598945038721611,2.1101420613078408,47.619450480920094,-1.0456660628408072
5.339383602142334,0.6219988383305476,-5.575378791042246,2.093013506126534,48.51212753629742,-1.5000459309234657
5.389027118682861,0.6200864065768104,-5.551347654184668,2.076256503772685,49.40591506426946,-1.9769193254189337
5.437326192855835,0.6174927133950433,-5.528286771377669,2.0608218877631757,50.30113082742123,-2.476331152616011
5.484033823013306,0.614173900400701,-5.505505839955011,2.046231123912753,51.1977058658617,-2.9992724128628545
5.534306049346924,0.609987352792985,-5.482361188456715,2.0321244677524697,52.096298163528225,-3.547754469730745
5.5856547355651855,0.6051758449642607,-5.46024872309017,2.0193713766312613,52.99766008055192,-4.121972110472043
5.634495496749878,0.5997622016080726,-5.438558394862,2.0075149183688294,53.9016325791726,-4.722920019499016
5.689714670181274,0.5936663981010467,-5.416648470070669,1.9961630914290673,54.80934103615979,-5.352278423158677
5.740641355514526,0.5869005015956069,-5.395935529562169,1.9863247959698738,55.720798742177664,-6.0070648656409436
5.797423362731934,0.5790409525376536,-5.375368785050019,1.977565146703153,56.637296788195684,-6.689893672721662
5.854310750961304,0.5697110204626852,-5.3542191960010115,1.9696792113954797,57.55916816203376,-7.403343781817622
5.905069351196289,0.5591596787169848,-5.3334904246243315,1.9632161225906135,58.48610550592449,-8.147293390231448
5.958564519882202,0.5469688737804094,-5.312501792847759,1.958050155126664,59.41908388444599,-8.92380902133201
6.0097784996032715,0.5326625715424572,-5.290671975055858,1.9542040006475743,60.35834100697365,-9.735049915664417
6.066361904144287,0.5170645508534623,-5.26935618935107,1.9520150311355988,61.30551859074513,-10.582009002097914
6.122013568878174,0.5004786994205537,-5.248498192601443,1.951233422176994,62.261112914189816,-11.465253622822525
6.190471887588501,0.48229038579557787,-5.227430923703634,1.9519295954292233,63.22785704147136,-12.388669010157038
6.2449469566345215,0.4631860635800236,-5.2071435459140805,1.954224300231855,64.2043831848417,-13.350206647424471
6.292973756790161,0.44291340647147825,-5.187197663353285,1.95804927200971,65.19046462655778,-14.349761355174843
6.341346502304077,0.42073427972637945,-5.16699727617317,1.963660576022994,66.18711586567947,-15.38912170391113
6.391903877258301,0.39796342737396356,-5.147764392164782,1.9707572859063007,67.19545292459439,-16.467954730809737
6.442564964294434,0.37398025798702966,-5.1289365250640655,1.9795044528971522,68.2164193767103,-17.58704459338393
6.496528625488281,0.3480188451724214,-5.110000905462802,1.9902622304695683,69.25168750008035,-18.748586894806124
6.544013977050781,0.3214731783787304,-5.092052128385435,2.0025059655374715,70.30103836552216,-19.95121251847049
6.606558084487915,0.29357879823688715,-5.074757488029769,2.0166747323013507,71.36805606093252,-21.19849983469936
6.686456203460693,0.2637179093792895,-5.057772153755523,2.033115202705155,72.45694328892752,-22.495239636760786
6.735687971115112,0.23355710210904654,-5.042117802486053,2.0509339398839126,73.5635398053871,-23.83466275541168
6.794176816940308,0.20226213714180785,-5.027320627858495,2.070567336740709,74.69055407026086,-25.219214779382675
6.849395036697388,0.16888952120846765,-5.013014523154982,2.0926452182974233,75.83901529006346,-26.649728535888404
6.927455425262451,0.13578595295951876,-5.0000914785765564,2.11553231568428,77.01327316258187,-24.071013489818366
6.98211669921875,0.10166724556180916,-4.98819652445995,2.1401400929676577,78.2106760614012,-22.155635356242833
7.035606145858765,0.06632808989712378,-4.977161516918896,2.166548334579255,79.43224551198415,-20.180282261801906
7.095945119857788,0.030855772605880145,-4.967206355342253,2.1938589567458595,80.67983820247703,-18.217238202837727
7.142978668212891,-0.005872675518770239,-4.958027337869129,2.222912857153298,81.9524375410878,-16.272397591769074
7.19797945022583,-0.04530871419947588,-4.948999865068948,2.2547479859800728,83.25338314967502,-14.348798787205158
7.250996112823486,-0.08538591210354443,-4.9410288269725795,2.287874484230575,84.58319444948835,-12.446744582494947
7.301748991012573,-0.12721173555093387,-4.9339715317071065,2.323216001560108,85.94312670646846,-10.567961821389089
7.3558509349823,-0.17206339206001967,-4.927708255703976,2.3618852611480925,87.33614766334937,-8.71359120020506
7.41114068031311,-0.217229415434986,-4.922660295932052,2.4015429003787525,88.76318158888117,-6.882396776493679
7.465749263763428,-0.26294495541706514,-4.918387339440367,2.442202935157498,90.22507198288335,-5.072570848564156
7.531128168106079,-0.3109313576406795,-4.914915893431774,2.4854526412267552,91.72601667775042,-3.2819918867514186
7.583232641220093,-0.35888996103620363,-4.912584915509893,2.5292633465682415,93.26392368522231,-1.513046608162249
7.6294567584991455,-0.4077947903395097,-4.91114223668116,2.5744234165829116,94.83886401040148,0.2334247565781291
7.692240953445435,-0.45927494225458093,-4.910661945380755,2.622468001781134,96.45654617243714,1.9603545772642506
7.740974187850952,-0.5102594335784137,-4.911165069545382,2.6705101025513946,98.11417435094718,3.666204057985791
7.792340993881226,-0.5622048744409557,-4.912594725923413,2.7198755398716727,99.81366971247687,5.351767738903716
7.855130434036255,-0.616699577676226,-4.914954271907232,2.7720494222672567,101.55985295684263,7.018095854697432
7.9277503490448,-0.6704873512351982,-4.918040165125295,2.823880386611739,103.35495260382466,8.667709334515285
8.012337684631348,-0.723023242679864,-4.917122793224844,2.8733203437882286,105.20063943505575,10.24122703062328
8.095750331878662,-0.7774885675261709,-4.913715602036798,2.9239218430293326,107.09840124543959,11.712740056476466
8.163933992385864,-0.8302423572158706,-4.90898113184043,2.9726282139919142,109.04374225005571,13.09069401523144
8.235926866531372,-0.8842781257698672,-4.9036203365414766,3.022513857603612,111.03919663111355,14.36337539016742
8.314364910125732,-0.9417071261707538,-4.897892190765884,3.0756871106148225,113.08926835195379,15.515135485750417
8.412444829940796,-0.9974491523980031,-4.892763006664442,3.127575292024165,115.19824558842437,16.551765803455545
8.49075984954834,-1.0535258918507253,-4.888453827643926,3.1801526026368467,117.362606677674,17.46698210943764
8.549710750579834,-1.111820559156327,-4.884898027592627,3.2351926853937645,119.57982644744818,18.250560999312697
8.601502656936646,-1.1687020808604494,-4.8821428656530825,3.289201865600829,121.84750077961762,18.904878157961896
8.668167114257812,-1.2234165130589496,-4.880440903482998,3.341495204423773,124.16883565517634,19.42106742313769
8.730799198150635,-1.2763350040886898,-4.879626068686761,3.3923609890060584,126.54233018332837,19.78583684387339
8.794617652893066,-1.3274028234969275,-4.8781852748423695,3.441339699414357,128.967449281912,20.003156965848333
8.85297155380249,-1.3783681174964384,-4.8762230408207206,3.490148700926873,131.44320450517301,20.069482678753065
8.915003538131714,-1.4309184577971046,-4.874154162620284,3.5405291926602205,133.97235239986082,19.978486004937764
8.984679460525513,-1.4820474359121527,-4.871815228268378,3.5895286791141596,136.55631772394614,19.73498677788426
9.051270961761475,-1.534402102359092,-4.869335781312581,3.6397448979057208,139.19588794991947,19.340627474489164
9.117239952087402,-1.5894352758112067,-4.8672294000204825,3.692713423960457,141.89353471975426,18.790718964340087
9.172266244888306,-1.6428406888949967,-4.865054242754924,3.7441430431511655,144.64501502679613,18.08836345758142
9.237514734268188,-1.696369748929024,-4.862416948810593,3.7956438603211167,147.45411782721408,17.230119036433788
9.306820392608643,-1.7517674936668626,-4.859541534552769,3.8489701188963084,150.3241301851983,16.207230436853102
9.363431692123413,-1.8058469569521698,-4.85643087903179,3.901018445265448,153.25043394077866,15.02378847284354
9.417953729629517,-1.8603350240744265,-4.852880022136375,3.9534277317607627,156.23328313152854,13.676622730184034
9.481494188308716,-1.9170260230647156,-4.848704799990639,4.00791625447605,159.27773954737546,12.156422794812146
9.537450790405273,-1.9730380754396732,-4.844136282398759,4.061723478051574,162.3811147368764,10.468645175679198
9.592019081115723,-2.0300258035056027,-4.838778459728784,4.116388864214115,165.5442509999341,8.608334090945819
9.647136211395264,-2.0893452252258893,-4.831591612599327,4.173043131962972,168.769430470355,6.564171357459279
9.703727960586548,-2.1469365207099296,-4.824092922144008,4.228026921759797,172.0560225064721,4.343782759390198
9.760387659072876,-2.2030421309078854,-4.817364550505085,4.28178093351459,175.40365745881275,7.409973436391358
9.828025579452515,-2.2615518795127194,-4.811248497770394,4.338081205661451,178.81896101930997,9.719280504771262
9.874955415725708,-2.3184557259951846,-4.806114066614734,4.393049026106439,182.29383853415231,11.928916453829327
9.918249130249023,-2.3753061717859882,-4.801830472451996,4.448172231762294,185.82769412963523,13.985197453379623
9.96509599685669,-2.433681492109644,-4.7983238226726375,4.504980854490088,189.42365559413355,15.882782012453683
10.007568120956421,-2.490003779435811,-4.795756845763013,4.559974001781871,193.07877863378434,17.62623841791529
10.06132197380066,-2.5458574965422107,-4.793966733092615,4.614672637590534,196.79752641107223,19.215993240608338
10.116543531417847,-2.602777142538358,-4.792860500580995,4.670565832664723,200.58200354402177,20.645433011942842
10.176107168197632,-2.6573156815195937,-4.792225228997498,4.724215296828506,204.43220496652154,21.919655108859004
10.229991674423218,-2.711086873822179,-4.791804082521603,4.777163723151793,208.34606074604514,23.035972679183903
10.283353090286255,-2.7656098528938884,-4.791463399721949,4.830885175938126,212.32457816767703,23.98771041171792
10.333699703216553,-2.817645717376605,-4.7910731450362265,4.882162121330532,216.3647231437149,24.779653457662178
10.383782863616943,-2.868826817257617,-4.790473007439523,4.9325776376999295,220.46625304545978,25.41019034106763
10.436964511871338,-2.9206949427831503,-4.789485995427494,4.983625874492167,224.631453886463,25.87295120520638
10.501496315002441,-2.970247729280804,-4.788032501631978,5.032331240493747,228.86309070160704,26.17303894793847
10.565574169158936,-3.0191016916594657,-4.785977537370266,5.080269922009021,233.16099523355496,26.307876199295464
10.622942447662354,-3.0687954847407664,-4.783840366229671,5.129044100596079,237.52374472299098,26.27073952970048
10.678910732269287,-3.116346496392338,-4.7821375709392875,5.175784061475223,241.9492056325948,26.067095582353403
10.735721349716187,-3.16313707560112,-4.780688238027619,5.221825215998861,246.43768670120144,25.69517988104064
10.79761028289795,-3.2104751816188166,-4.77932528127521,5.268434256237836,250.99233765742295,25.147600640489063
10.860274314880371,-3.25554001029296,-4.777983665119102,5.312810874008436,255.61175602759008,24.42823813961755
10.914215326309204,-3.2997316940907027,-4.776477701575469,5.356311571444797,260.2920230750436,23.53450059685607
10.976540088653564,-3.30713183949068,-4.796003933028798,5.366495189891913,265.00503709714866,22.64869440188049
11.039988040924072,-3.3107296737593073,-4.8163105070573575,5.3731008283559945,269.7510567052693,21.752720166780673
11.095847368240356,-3.313359762733005,-4.837678047146659,5.378986566157381,274.5262752476155,20.835152819819953
11.152010917663574,-3.315919787573006,-4.860912527639735,5.385180922509222,279.3312205116278,19.890254920201322
11.203791379928589,-3.3179324244321795,-4.8838201166635375,5.390875927847557,284.1635322811551,18.911970737504593
11.256438970565796,-3.3229564163465874,-4.904123844703616,5.399194841537667,289.0262728302038,17.921219586389274
11.30677342414856,-3.328338389493828,-4.923936737460305,5.40785069022643,293.91859481613386,16.914100763431403
11.352226495742798,-3.333450596895411,-4.9421812820600275,5.416031835005061,298.83796732515947,15.890763144971748
11.402565479278564,-3.334797981381531,-4.958017093483015,5.420135261555573,303.7825425137482,14.875469246349093
11.450771808624268,-3.334865575755176,-4.971895024421653,5.4226719105873595,308.75023666958504,13.858352099236871
11.497358798980713,-3.335069462432521,-4.983897981191428,5.425036535026525,313.7403118940252,12.838363805037131
11.542902946472168,-3.3356558354246975,-4.994786843254789,5.427598369225053,318.75253743930864,11.814462028849347
11.59038257598877,-3.3366687026066506,-5.004844840831046,5.430446205932448,323.7880430943861,10.785254789233093
11.629659652709961,-3.338057121545029,-5.013488604031267,5.4334163270799385,328.84338408971496,9.750356788963396
11.667665719985962,-3.339719085495799,-5.021678308338975,5.436582242341091,333.9182165798842,8.706123018474976
11.727052927017212,-3.3416135668904117,-5.0307392157184125,5.440152463746537,339.0222613156493,7.643966158215894
11.779890060424805,-3.3436112447486686,-5.0387219432721935,5.443631546168382,344.15256940551956,6.563191761958669
11.84925389289856,-3.345194191903004,-5.045816294392635,5.4465431854315405,349.3157962106941,5.461947648407828
11.917169094085693,-3.3465354060246897,-5.052264708543488,5.449101014362067,354.51102700576195,4.3392868690820166
11.997487306594849,-3.347634811218576,-5.058008342553385,5.451291565039362,359.74334379431934,3.1925660990941034
12.091089725494385,-3.3485028577236817,-5.063028824014913,5.45311957504738,365.01822016857324,2.0218004400268024
12.19204568862915,-3.349212172427977,-5.067498491385716,5.454688249090173,370.3386485286826,0.8270908680798451
12.244580030441284,-3.3497360301319605,-5.071152399310249,5.455918167883402,375.68317879646094,-0.3850680552307403
12.301665782928467,-3.3501059087553346,-5.0741298876078025,5.456866156536286,381.0535362592106,-1.6138084459679836
12.371978282928467,-3.3503463149666164,-5.076466916905423,5.457562341674964,386.4552577122813,-2.859455249092156
12.444983959197998,-3.3504949611508557,-5.07803300206581,5.458017175022787,391.8892874164358,-4.120706611829527
12.501376152038574,-3.350543100741261,-5.0789142588675595,5.4582384934040435,397.3481430170726,-5.394556509157029
12.565624475479126,-3.350502084070866,-5.079095533247093,5.458234121171472,402.83503084444715,-6.680685044512758
12.627411127090454,-3.350424059724475,-5.078704764890263,5.4580803941198495,408.34873160829426,-7.977358935544414
12.681578159332275,-3.3502748975205514,-5.077799397291221,5.45775530963416,413.88574056740134,-9.282336062525578
12.740973472595215,-3.35008666539163,-5.076304090761484,5.457275677752704,419.4481816074457,-10.594841694224282
12.798277616500854,-3.3498631968057886,-5.074337157821725,5.456668997952278,425.0350094681614,-11.913170086822186
12.848021745681763,-3.349569288109077,-5.071838511892512,5.455889420053875,430.64273691290896,-13.235021034657294
12.909841299057007,-3.349235980576368,-5.06871782403035,5.454950353879766,436.2764642915646,-14.560133330013914
12.96496319770813,-3.348826308278094,-5.065169115009818,5.453854427805958,441.9330974296924,-15.886256654248323
13.01789665222168,-3.348363478602847,-5.061084079861161,5.452604086469836,447.6115113995931,-17.21194679260619
13.07679557800293,-3.3477884441241264,-5.0563507631824445,5.451120818509133,453.3140467569592,-18.536198801092205
13.134855508804321,-3.347130992910272,-5.051212625666377,5.449482346030859,459.04016783100457,-19.85782608589126
13.215188026428223,-3.3463668756010794,-5.04558172190847,5.447649025562636,464.799356540474,-21.17745428698137
13.300175905227661,-3.345428526942624,-5.039230330989074,5.445512447648949,470.5932857369048,-22.49339840556314
13.364619255065918,-3.344375700528707,-5.0325726721016215,5.443212098712744,476.41281736854194,-23.802278629105228
13.427000045776367,-3.3431266139944857,-5.0254007656219155,5.440629443668644,482.2567156812266,-25.10203728771192
13.495052099227905,-3.3416395731092727,-5.017519098143293,5.43768870422842,488.12702976594426,-26.39082044121983
13.56188416481018,-3.3399406978551394,-5.009363853909008,5.434499245209965,494.02293716854604,-27.667162817180078
13.62350344657898,-3.337986366571175,-5.000759744416631,5.4309868823027525,499.941779849203,-28.928583511163012
13.682058334350586,-3.335648787197241,-4.99139822831715,5.426971386273359,505.8816268828016,-30.172111456047105
13.74125337600708,-3.333037386666859,-4.981884782140202,5.422673279203257,511.842427690437,-31.396474382528574
13.797125816345215,-3.3300568243406725,-4.97193355633926,5.4179480053465685,517.8222161167107,-32.59937550836864
13.857271194458008,-3.3265308452156837,-4.961271890270643,5.412575587653128,523.8220649284501,-33.77801931529519
13.910975217819214,-3.3226684804369637,-4.950539248482622,5.406877529179206,529.8388024759329,-34.93083682880601
13.971206665039062,-3.3182771523802357,-4.939451076097191,5.40061479777162,535.8745468019723,-36.05601492552449
14.033033847808838,-3.3132054837968377,-4.927710897511107,5.393588788775952,541.9290536506546,-37.15030793407456
14.098910093307495,-3.30767423131191,-4.916017673794217,5.386139073996869,548.0035507007789,-38.21298042137863
14.155649185180664,-3.301497660013178,-4.904091118367081,5.378034788789994,554.0932647301847,-39.240828913032786
14.208932161331177,-3.2944573493037423,-4.891599794425248,5.369006315605855,560.1955651416384,-40.230000786026245
14.259896993637085,-3.2868819338256814,-4.879311337143309,5.359506414758838,566.3088834393678,-41.17941925443756
14.310009241104126,-3.2785789826322858,-4.866919624288529,5.349293945079468,572.4319383078168,-42.086559904931114
14.364787578582764,-3.2692584271331553,-4.854084558908918,5.3380281758042845,578.5654026646956,-42.94794256463377
14.416289329528809,-3.2594181718898083,-4.841606841181356,5.32632909065221,584.7073366562439,-43.76268480076963
14.470840215682983,-3.248807076018602,-4.829164141293739,5.313895830223841,590.8580611799166,-44.52850924863262
14.528592109680176,-3.2370879951253366,-4.816414053715044,5.300341741415298,597.017491210563,-45.241663657535604
14.576797485351562,-3.2249079993128116,-4.8041528522269585,5.286428417280212,603.1811121366605,-45.90135319599418
14.626392126083374,-3.211964979771975,-4.792056503105937,5.2718054264627305,609.3485381451304,-46.50541630984116
14.683071374893188,-3.1978402149912823,-4.779796628831111,5.256008531473003,615.5212161794869,-47.050258144928556
14.741203308105469,-3.1833396843724313,-4.768156342020242,5.23994985179973,621.6993836910009,-47.53593966657232
14.79953408241272,-3.168115525374775,-4.756808301057608,5.223234332113532,627.8821580038029,-47.960455335181194
14.849687576293945,-3.151645667404573,-4.745470834482509,5.205303050500744,634.0644871799389,-48.319671930577194
14.902835130691528,-3.1349373303527646,-4.734866217881178,5.187254547911965,640.2474269596613,-48.614180532551494
14.964100122451782,-3.117535462978615,-4.724684873597399,5.168591431024959,646.4333965944409,-48.84241042140491
15.028364419937134,-3.0988831665858765,-4.714709474644772,5.148729860814201,652.6219608076466,-49.0004852067563
15.088657855987549,-3.0801356668326605,-4.705545709155991,5.128895898839608,658.8114270912779,-49.089303587755374
15.141333818435669,-3.0607419653693118,-4.696964796010812,5.108509485841094,664.9977654203615,-49.1072347011778
15.19618010520935,-3.040161662806297,-4.68874659258269,5.087003190093023,671.1802807436526,-49.05078446021815
15.254854440689087,-3.0195967953562057,-4.6814467488928635,5.06564128808258,677.3606226240748,-48.9212012367006
15.314225435256958,-2.998526726627384,-4.674820704479259,5.043872760092403,683.5383198131575,-48.71728038186485
15.375376224517822,-2.9762897920467535,-4.6687721551734045,5.021027413783358,689.7125018765483,-48.43552728876083
15.430534839630127,-2.954270980796684,-4.6636559993469895,4.998523805748392,695.8810954430694,-48.07778088554128
15.488418340682983,-2.9318329111806833,-4.65935439915833,4.975713424976802,702.0445439496547,-47.64295080079401
15.557345151901245,-2.9083523774977067,-4.655762040789631,4.951963945327951,708.205792666363,-47.12759182435909
15.618329286575317,-2.8852361917641827,-4.65315783335082,4.928706504204744,714.3621879594109,-46.53384798712318
15.704339981079102,-2.8618583751296174,-4.651410656652216,4.905303528163989,720.5230799777416,-45.85995486563735
15.796217679977417,-2.837545771175169,-4.650555690382724,4.881093299098482,726.6893647460109,-45.10239187342901
15.85991883277893,-2.8137731246037245,-4.650655245365066,4.857547111812522,732.8507091266147,-44.26458101586744
15.948611736297607,-2.789890366589994,-4.651669153918463,4.834017212435267,739.0164965686874,-43.34458161353966
16.043676614761353,-2.765209195836061,-4.653714106227205,4.809839998665339,745.1879612637756,-42.33890875162214
16.11933469772339,-2.7412393454540336,-4.656640047398631,4.786494195413703,751.3585064488082,-41.25099235847763
16.196160078048706,-2.7173071313557493,-4.6604082661027455,4.763310366696321,757.5284400682071,-40.078248129882525
16.264960289001465,-2.692739173406749,-4.665106926220284,4.739637979100562,763.6937462397391,-38.81548132673926
16.368542671203613,-2.669038587469309,-4.670430578683053,4.716926805888628,769.8686721964834,-37.45972981657574
16.4382221698761,-2.645537908976519,-4.67652933446609,4.694540915162105,776.0404759027113,-36.010568287683974
16.520572423934937,-2.6215883434389182,-4.6836051160436725,4.671872726315601,782.213222562092,-34.461242841465655
16.583056449890137,-2.5986546936402584,-4.6912085789571805,4.650311203668371,788.3808132486652,-32.81408285023317
16.63305401802063,-2.576090445681204,-4.699543410415554,4.629250992343214,794.5390177010726,-31.067781481807142
16.691664457321167,-2.553283924385664,-4.708870392172961,4.608133215193367,800.690721430887,-29.216220788052407
16.738841772079468,-2.5316252490301827,-4.718597568395021,4.588246926981056,806.83329184451,-27.262001985725142
16.790733575820923,-2.510497123439153,-4.7289689638635055,4.5690239713563665,812.969138598626,-25.202592537558303
16.849781274795532,-2.489340887319159,-4.740302439668212,4.549970253170264,819.1008957114611,-23.032183619292436
16.9088077545166,-2.469446127860996,-4.751886913897343,4.532249179065701,825.2302790515699,-20.75263760547207
16.970683813095093,-2.450221321400041,-4.7639944756527335,4.515324724565379,831.3591810133042,-18.361964901787143
17.04622507095337,-2.43117109960171,-4.776981369911179,4.498775095860481,837.4928297818805,-15.85351356950141
17.130892276763916,-2.413459841490356,-4.7900367011549365,4.483613025409291,843.6362870198283,-13.22812098430656
17.19181203842163,-2.3965490494123225,-4.803482343956992,4.469365438285285,849.782070962879,-10.488107021052844
17.261655807495117,-2.379990024433632,-4.817682604578564,4.455661281557262,855.933944732117,-7.627825740947212
17.308533906936646,-2.364788684547302,-4.831745897973596,4.443330001198208,862.0855669859716,-4.654060988584446
17.35177993774414,-2.3504779808837775,-4.84603258765307,4.431978091273189,868.2368801728871,-1.5668844355619265
17.402146100997925,-2.336687607156624,-4.8609246298110795,4.4213177470389065,874.3912640674795,1.6385792384267721
17.457946062088013,-2.324244661192959,-4.875483457227614,4.4119795074019805,880.552451244794,4.9599048890965705
17.506858348846436,-2.312738965523505,-4.890084839317366,4.4036312749738,886.7192879458513,8.3960754466065
17.561115741729736,-2.301869093433858,-4.905108272309234,4.396054899753192,892.8946557820336,11.95146690269633
17.61838150024414,-2.2922799847245225,-4.919608433178459,4.389686450948369,899.0812855478996,15.622989361579558
17.673725843429565,-2.2836407700096384,-4.93396789783649,4.384275798883766,905.2797762010642,19.410309123703573
17.732231616973877,-2.2757307139412077,-4.948552670734409,4.3796832428039325,911.4923371819027,23.317207175738336
17.78607964515686,-2.2690036002338076,-4.962444462908534,4.376150258274103,917.7188239343429,27.338864422287994
17.83971643447876,-2.263201178239022,-4.976017882024696,4.3734991931142,923.9603746862925,31.475117373079236
17.894611597061157,-2.258170227421266,-4.989611523087345,4.371652393812222,930.2185523043555,35.72915543917706
17.95265769958496,-2.254187529649478,-5.002369463256037,4.370681420361512,936.4957063522938,40.09794812185464
18.009149312973022,-2.2510659552720256,-5.014645688954761,4.37047681954582,942.7923789711382,44.58100116190923
18.066105842590332,-2.2487206491864375,-5.026738789687079,4.371020441163746,949.1098112114132,49.18129885261738
18.113818645477295,-2.2472611495181956,-5.037887168229672,4.372234788547206,955.4457407579505,53.89277243822397
18.167758226394653,-2.2465726786844673,-5.048408949894964,4.374075998604646,961.8032632156843,58.71697548221317
18.22615146636963,-2.2466306453302147,-5.058551447410971,4.376574345841,968.1849144963484,63.65810960598925
18.28613805770874,-2.247329010788878,-5.0676739273225975,4.379467015627962,974.5918306764357,58.9917357036296
18.35065770149231,-2.248492658370165,-5.076050534798694,4.382644706300723,981.026039116355,54.96694649642141
18.42102026939392,-2.2501260684344224,-5.08386538755309,4.386152730573966,987.490113808341,51.001062962768295
18.486679077148438,-2.252085986745854,-5.09062411955149,4.38972621114665,993.9825166920967,47.11970279805341
18.53410243988037,-2.2543661792190464,-5.096540733050708,4.393407921661981,1000.4970414549515,43.327081986553765
18.58005166053772,-2.256997784340727,-5.1017299762205415,4.397253583361412,1007.0334456739773,39.626614071231735
18.628417015075684,-2.2597739646906834,-5.1058605361314005,4.400977363680642,1013.5924023383552,36.01435308733423
18.674797773361206,-2.262715505066108,-5.109080759954552,4.404634333203197,1020.1731470050463,32.49061931696101
18.73130965232849,-2.2658632101291167,-5.1114290770126685,4.408272169542431,1026.7792547861288,29.05627946580947
18.782378673553467,-2.268976008098691,-5.112755414477396,4.411618837815773,1033.4083768831897,25.708702185931752
18.833933115005493,-2.2720910372447496,-5.113135648734289,4.414729074698698,1040.0603616279425,22.447542907226428
18.885355472564697,-2.27524567371729,-5.112533945930044,4.41763028687158,1046.7348742686122,19.275291888296834
18.932741403579712,-2.2781990388197055,-5.110988306008076,4.420099776231816,1053.4298384560768,16.18881745095491
18.981565952301025,-2.2809929337279935,-5.108497386044461,4.422178982526196,1060.145193681623,13.187419247280594
19.033916473388672,-2.283652200946625,-5.105042095388829,4.423889036951107,1066.8816436636707,10.274419569648893
19.081751585006714,-2.2860755853223607,-5.100998628701952,4.425227892832187,1073.6370371465237,7.44950650214542
19.132976055145264,-2.288461786090573,-5.096385136598727,4.42639411468452,1080.4123371159671,4.713881427572937
19.182820558547974,-2.2908220313226337,-5.0910297389374275,4.4273580830704855,1087.2067506297683,2.072337653369629
19.23596429824829,-2.292946976618157,-5.085243319000044,4.427995800075832,1094.0209418090274,-0.4775141804172312
19.282979726791382,-2.294835025413201,-5.0788703552250265,4.428269316437222,1100.8521803691876,-2.933444586229478
19.335560083389282,-2.2964539082507693,-5.071692271109398,4.428096714128873,1107.7017431178094,-5.291803883756386
19.38388752937317,-2.2976354747574455,-5.064142968152088,4.4274226058239785,1114.5673400680441,-7.554413369721872
19.429206371307373,-2.29836901123921,-5.056042628250927,4.426195001292268,1121.4470360767239,-9.719842486192972
19.482224464416504,-2.2985796815982065,-5.047148493639694,4.424286071987301,1128.342475326346,-11.784833942876217
19.53508949279785,-2.2981780444810953,-5.038008314250135,4.421741259109553,1135.2525980553175,-13.752087307030225
19.585379362106323,-2.2971151807564936,-5.028405908430535,4.4184632610425485,1142.175315180609,-15.620501033879869
19.641801834106445,-2.295273618837608,-5.018081764231904,4.41427977583477,1149.1113295400344,-17.38679978268946
19.696863651275635,-2.292711095679497,-5.007690182475351,4.4093999653951865,1156.0590443668507,-19.053915176351474
19.747430086135864,-2.2893292618203973,-4.996980867800842,4.4036707832295585,1163.015477115223,-20.620929652755244
19.797785758972168,-2.2849640531270086,-4.98567554158134,4.3968708429816665,1169.9787934089957,-22.084055133390397
19.84786558151245,-2.2799780846385382,-4.9745017136735905,4.389517740588245,1176.9480076471557,-23.443384080357987
19.894450664520264,-2.27426046419827,-4.963183642994142,4.381441001079425,1183.920667614328,-24.694491005983455
19.94706702232361,-2.2675931031159875,-4.951442030343268,4.372366959767542,1190.8972095203155,-25.830127039713645
19.99990224838257,-2.2603655069170503,-4.940032096689008,4.362840198234874,1197.876955863845,-26.85037507173152
20.049718379974365,-2.2523731319273574,-4.928674883869518,4.352598567875028,1204.8576038162719,-27.751281167323793
20.097224473953247,-2.2433526981397542,-4.917101717188186,4.3413267189281495,1211.8365874708202,-28.52531430096977
20.1414954662323,-2.233839827703339,-4.9060597496929494,4.329704834819654,1218.812194852461,-29.17339835675018
20.18971872329712,-2.2235819173625515,-4.895279675542907,4.317426306274624,1225.7846198971167,-29.692419391975697
20.24267864227295,-2.212270899778486,-4.8845141237717575,4.304136541546095,1232.7537330742123,-30.075348283968758
20.29171347618103,-2.2005790324489882,-4.874469599302287,4.290636466534305,1239.717801630732,-30.323858086928027
20.337865352630615,-2.1882276860419076,-4.8648871094667845,4.276596878623207,1246.6748245810709,-30.435233483410336
20.381499528884888,-2.1748426548980526,-4.855565637760944,4.261608118266332,1253.6222589812282,-30.402860439054592
20.429091215133667,-2.1612558820963734,-4.847118808210983,4.246605796575244,1260.56140265328,-30.229383815158894
20.491559982299805,-2.147132941108379,-4.839315688779508,4.231212882455532,1267.4965020806535,-29.912580479115064
20.546478986740112,-2.1320697886456994,-4.832015558312898,4.215003040036061,1274.4234799843787,-29.446176798394276
20.5885751247406,-2.1170177279158207,-4.825685986269361,4.198998966407917,1281.3383130405682,-28.833903018377438
20.63576912879944,-2.1015945225904273,-4.820158892060671,4.18279072342497,1288.2422240264477,-28.074195142779065
20.68098759651184,-2.085391601419442,-4.815327554958823,4.16595529966701,1295.133360494223,-27.161505323320107
20.726802349090576,-2.0694249282728525,-4.8115252090569784,4.149553278581139,1302.0126078006815,-26.099853021456962
20.774942636489868,-2.0532935682542335,-4.808606698470201,4.133162656279331,1308.8805941088085,-24.888189489481082
20.832489490509033,-2.0364307929979275,-4.806289422233388,4.116172515707685,1315.7392424236396,-23.524438875827546
20.896903038024902,-2.0201819063456714,-4.805080714834006,4.100002136280755,1322.5921399005097,-22.02152098772493
20.938894748687744,-2.0044884751823675,-4.80466553530244,4.084533580664011,1329.4329547210652,-20.391804915629645
20.984617233276367,-1.988871109952082,-4.80514795026596,4.069318856224937,1336.2631865274075,-18.64131868401072
21.0300452709198,-1.974250893359492,-4.806475064987443,4.055252420480779,1343.0846370650447,-16.783390824992907
21.082587718963623,-1.9601901120565772,-4.808673087030751,4.041912651866506,1349.9006910171545,-14.825949460393192
21.134460926055908,-1.946370820031874,-4.811717124911455,4.028985894747407,1356.711694161327,-12.775083413960019
21.18352174758911,-1.9341258664205767,-4.814726714913481,4.017602015236597,1363.5193461640335,-10.643672919680188
21.24026322364807,-1.9230062348230503,-4.818676930788066,4.007519162208098,1370.3282055011955,-8.432759092429865
21.298975229263306,-1.9128777501582386,-4.823902863066221,3.998678308572986,1377.1409230221268,-6.137142680967141
21.36342978477478,-1.9045322571078847,-4.829529902961097,3.9916778435518365,1383.9624443235791,-3.7583082568251203
21.454111337661743,-1.8976152741001944,-4.835866116995062,3.986235942645585,1390.8037068725594,-1.2912297829931498
21.520262479782104,-1.892026011919803,-4.843101299588206,3.9822966085950564,1397.659402837039,1.2655928112883916
21.580169916152954,-1.8881314045239272,-4.850801016295469,3.9801291672726666,1404.5305851484204,3.9103697296685396
21.638399124145508,-1.8857666935661581,-4.859141916617764,3.9796114923089814,1411.4195436018176,6.6444397021046075
21.709004163742065,-1.8842916988239302,-4.868243058686254,3.980146732283793,1418.3319920660206,9.471667818292447
21.757516145706177,-1.8832794314248351,-4.877482397060567,3.9811850622243563,1425.2617328394558,12.384634096321136
21.81105923652649,-1.8826961061792484,-4.887152446941573,3.982758907723881,1432.2113159388155,15.382275610449163
21.863911628723145,-1.882570387409251,-4.897590363528326,3.9849744382977077,1439.181665832164,18.4648418561628
21.918044805526733,-1.8829318690806753,-4.908209178168565,3.9877316623905332,1446.1741508671257,21.627859670238593
21.97615671157837,-1.8837866565398356,-4.919340428399805,3.9911133304890267,1453.1911702074901,24.869834552731746
22.058574676513672,-1.8852105626538707,-4.931365612528245,3.99528509875795,1460.241930344812,28.19420678738264
22.12464213371277,-1.8871472810248684,-4.943594342378916,4.000035533260739,1467.3222608024212,31.593856686949803
22.208717823028564,-1.8898194398185952,-4.953536763098016,4.004987844297419,1474.4383092429675,34.98261463799303
22.3554470539093,-1.8940355445146797,-4.9593355724551085,4.010466003162414,1481.6112100919768,38.23445259718709
22.460715532302856,-1.8984642980349504,-4.965437296524645,4.01622871069041,1488.828261676877,41.35340482427703
22.543328523635864,-1.9031772206599196,-4.971977288591788,4.022378931107403,1496.0829797697081,44.33551944522272
22.63408088684082,-1.9082845945686695,-4.9791086220571,4.029062194348623,1503.3790457956936,47.17714984934095
22.709466457366943,-1.9134487062850853,-4.986351624718353,4.03583576280167,1510.7117220715015,49.88147602519399
22.764663696289062,-1.9187834718391716,-4.993851004508617,4.042845992407163,1518.075006015135,52.4464353309134
22.82603621482849,-1.9244278656134441,-5.001780293142537,4.0502713277176925,1525.4717326310813,54.86895735687593
22.912726879119873,-1.9300289682155372,-5.009606694892925,4.05763889095443,1532.910047470569,57.15723416858172
22.980289220809937,-1.9357345124576808,-5.017497018511284,4.065133003387448,1540.3840819355958,59.30987716973616
23.06600332260132,-1.9417194030536644,-5.025582244385879,4.07295602632895,1547.9004542001355,61.325200498011355
23.13562035560608,-1.9474630873269196,-5.033228983769222,4.080444456025514,1555.453341141226,63.20378648098073
23.206749439239502,-1.9528610126880177,-5.0409302226897585,4.087621058040715,1563.042745930787,64.93425405162935
23.275417804718018,-1.95813639093633,-5.048845181419204,4.094742959434787,1570.6678636766005,66.50152005296185
23.34732723236084,-1.9632495798602463,-5.0563748013639565,4.101618577247177,1578.329359295162,67.91041106642128
23.402551889419556,-1.9684320880820885,-5.063633441822697,4.108499645403802,1586.0218598347892,69.16130066446512
23.45580291748047,-1.9738595716262504,-5.070749411540873,4.115587952810715,1593.7451811456588,70.2504349995132
23.496817350387573,-1.979240888733686,-5.077232303862212,4.122473467113445,1601.4949317412372,71.1836990511254
23.549450397491455,-1.9847642534946874,-5.083228947977079,4.12937417893615,1609.275043189378,71.96214073931151
23.605847358703613,-1.9906421631144913,-5.088833433644723,4.136518236421745,1617.0872969295037,72.5813118202412
23.657520294189453,-1.99657487014196,-5.0936520580639755,4.143511254571151,1624.9298719348585,73.04619533370901
23.707677364349365,-2.002792598037105,-5.097775435420984,4.15059748584639,1632.8025211829704,73.35799041164626
23.7469801902771,-2.009022571012838,-5.101103186902674,4.157486043644358,1640.7012906596678,73.5277881488845
23.800594329833984,-2.0150027342078936,-5.103797199642777,4.163966283921629,1648.6301974402907,73.57912572660983
23.870200157165527,-2.0208817591493315,-5.106087116691852,4.170242059014263,1656.5942597657256,73.53010832868044
23.934813737869263,-2.026800718817005,-5.108118520454456,4.1764878408106645,1664.591835955102,73.39679833692155
23.992650508880615,-2.032370135542867,-5.1098019476117065,4.182304301810275,1672.61986502496,73.20009396441336
24.061805963516235,-2.037689189967386,-5.111287985784206,4.187827000023736,1680.6816402630504,72.956800774952
24.14124321937561,-2.0427853714201545,-5.112702340629454,4.193115793561044,1688.7802247885425,72.68089165612822
24.206382989883423,-2.047178813509706,-5.114123704670541,4.197728907139031,1696.9095382465146,72.38548123042767
24.282077074050903,-2.0507551650794786,-5.115564259839817,4.20155935638782,1705.0716491061949,72.0726739917497
24.358095407485962,-2.053680365243169,-5.116867451928504,4.204725604452122,1713.2654287800433,71.7429949620126
24.433411359786987,-2.0558213789745654,-5.117860224441762,4.20705342722625,1721.4890255886353,71.39760596162081
24.497711658477783,-2.0572874374532772,-5.118555321532083,4.208651489187948,1729.7373374827241,71.03723464394216
24.551907062530518,-2.0580967857341292,-5.118947379834203,4.2095359318128525,1738.0055766992955,70.6621101600865
24.625041007995605,-2.058255337824271,-5.119017407843238,4.20970739434885,1746.2987254688633,70.27379798974735
24.6894588470459,-2.0579140847720443,-5.118823253301967,4.209326809778558,1754.6127733153771,69.8757153661042
24.756869554519653,-2.0570659364954547,-5.118439329690757,4.208407127081558,1762.9476569042608,69.46775054095403
24.817936897277832,-2.0557976514814142,-5.1178513212258245,4.207028186990014,1771.3003259215448,69.04944304293363
24.881767988204956,-2.0541016604151174,-5.117029651046939,4.205174849432383,1779.6707509369305,68.61987629843635
24.939371347427368,-2.0519083030832497,-5.1159357876779215,4.202769750868507,1788.0557116132527,68.17795669140355
25.00042700767517,-2.049412229541881,-5.114635690851624,4.2000181104470995,1796.4556700880373,67.72738104145412
25.058335781097412,-2.0468681213664723,-5.113175950639593,4.197177895778848,1804.8693860520686,67.28015273131888
25.113991022109985,-2.0442146468997695,-5.111552504178442,4.194188965669524,1813.2957724063338,66.84965537416697
25.166409730911255,-2.041609430757485,-5.109864746046515,4.191229717553637,1821.7337921285364,66.44872958358049
25.213363885879517,-2.0389635691558095,-5.108107067902761,4.188212982514606,1830.1814656616264,66.09099719316517
25.26046061515808,-2.0361876283610263,-5.106242119340896,4.1850426757607195,1838.6385000232747,65.79224116569041
25.317473649978638,-2.0334232668297796,-5.104424962068982,4.181896429401963,1847.1082526348698,65.56502438855279
25.374165534973145,-2.0305852772808537,-5.102623862338092,4.17868365149009,1855.590444280383,65.42390267027902
25.42419457435608,-2.027571350552103,-5.100853042813382,4.175309378436474,1864.0824840939492,65.38748302117958
25.479812622070312,-2.0245368698583293,-5.099296335292357,4.171971889842534,1872.5863021949501,65.46826073942798
25.531904935836792,-2.021364883740107,-5.097967094758737,4.1685617746833294,1881.1005350155842,65.68144243778796
25.585551977157593,-2.0179145306979636,-5.096957571715375,4.164967357631693,1889.6252860133036,66.04592869574303
25.64496874809265,-2.014042337996786,-5.096541936033333,4.161122457788335,1898.1619260969267,66.56253784682782
25.697067260742188,-2.0096851368603197,-5.096545016285072,4.156920238529745,1906.7072415486614,67.22999425582738
25.761731386184692,-2.0048989776295394,-5.096774545463702,4.15236441375215,1915.264643749008,68.03612476030335
25.820399284362793,-2.0003718736854106,-5.097276483062174,4.14813100179522,1923.8328180071521,68.95581246565762
25.871581554412842,-1.9958160637176072,-5.098035627828155,4.143938736883503,1932.409302698164,69.96900800867438
25.92092227935791,-1.991107478837546,-5.099079976487419,4.139675796768218,1940.9932986366866,71.05752742593766
25.974790573120117,-1.986545346701918,-5.100343591052097,4.135613596515049,1949.5867100710782,72.19983425215786
26.02497673034668,-1.9820246642197001,-5.101787029223146,4.131640725452587,1958.1884608391597,73.37913669396843
26.080498933792114,-1.9776390528564578,-5.103310923417014,4.127821147838182,1966.800606572772,74.594270135357
26.13942265510559,-1.9737724445301785,-5.104755036344566,4.124481922767517,1975.4252670283067,75.84540478970933
26.193578243255615,-1.9710076184465004,-5.105909437223843,4.12212775021601,1984.0629437844818,77.12226234895665
26.24793553352356,-1.9713074106103743,-5.106051205431838,4.122454586603241,1992.7194518959425,78.38648464059713
26.294838666915894,-1.9718406233228614,-5.106034723307618,4.122963830333695,2001.3925066884767,79.64385776341963
26.338343620300293,-1.9725934720744036,-5.105940174754115,4.123663730774289,2010.0814010423092,80.8974805788961
26.38604426383972,-1.9736113100972377,-5.105782701236765,4.12460206881672,2018.7880314491117,82.14984951475567
26.43232750892639,-1.9748068800501526,-5.105590916726544,4.12570248670966,2027.51227351476,83.40018678082748
26.482178926467896,-1.9762088584273756,-5.1053494548865475,4.126988527153222,2036.255708840757,84.64749474021917
26.53066873550415,-1.9778579167803256,-5.105037227957926,4.128493778760584,2045.0183659804604,85.89014345504948
26.580108165740967,-1.9796632957492666,-5.104674046438728,4.130136159548402,2053.8008550440113,87.12685818644094
26.63432550430298,-1.9816582321613396,-5.104254870091027,4.131946405249941,2062.605128799712,88.35628023143374
26.690099477767944,-1.9837190541842058,-5.1037712431991675,4.133803147222149,2071.4318068447433,89.57050828791192
26.7470805644989,-1.985509797788327,-5.103273968215063,4.135396208008099,2080.2807155324226,90.75459282294408
26.79914379119873,-1.9871089341271209,-5.1028065906618245,4.136812786313088,2089.1498715784132,91.89336602149825
26.84974193572998,-1.9885989411155491,-5.102391541165145,4.138138304008282,2098.0386129850995,92.97077613310266
26.901410341262817,-1.990047518537377,-5.102066641797589,4.139448040880486,2106.9472769362596,93.98149304202164
26.956138610839844,-1.9917534399639651,-5.101752661301313,4.141008868880707,2115.877451264437,94.92875021224148
27.021864891052246,-1.993789777262521,-5.10142651798357,4.142885125064902,2124.833480856203,95.81420041959646
27.076085090637207,-1.9960351408499368,-5.101107388560422,4.14496493689029,2133.8120016977746,96.6426251258271
27.135803937911987,-1.9985538400281968,-5.1007940987043145,4.147310026914612,2142.815437414336,97.41720064127813
27.198979377746582,-2.0014287881481723,-5.100513409683094,4.150007483308103,2151.8457316676786,98.13945497165062
27.2678861618042,-2.0044934314639393,-5.1002511655894365,4.152893000068596,2160.905212126154,98.8142836346397
27.325498342514038,-2.0077701000215216,-5.100003897441507,4.155987217137827,2169.9906140017483,99.44290094590876
27.3967502117157,-2.010978459918502,-5.099775069951917,4.159020727336898,2179.106348641113,100.01681008218323
27.462872743606567,-2.0133653718080344,-5.099595156845211,4.161275179147047,2188.2489723621984,100.53817100596633
27.524774074554443,-2.015057044418737,-5.099457799465471,4.162870466726292,2197.4156635824547,101.00969140240814
27.59817123413086,-2.016079622020059,-5.099339493396629,4.163825506928254,2206.6088556637674,101.4334395349493
27.653688192367554,-2.0166070050091696,-5.099242772979644,4.1643086468988715,2215.8215723728854,101.82429907891564
27.751821756362915,-2.016852184963023,-5.099160467733967,4.164523407266594,2225.06743767901,102.20388450980974
27.85013508796692,-2.016830131943323,-5.099179740297633,4.164507222993926,2234.3460028175055,102.59120860711965
27.916820764541626,-2.0166624638319086,-5.099250642964209,4.164364216109518,2243.646455767188,103.0007022909806
27.968488454818726,-2.016261812215202,-5.099354984281559,4.164005322489736,2252.9633012219697,103.44303232482709
28.032161951065063,-2.0153405520248544,-5.09944541264315,4.1631406370812565,2262.2993772111054,103.91861755090969
28.09635853767395,-2.013937148901907,-5.099514891059557,4.161805429257413,2271.653795260735,104.42478836848272
28.158559322357178,-2.012059044764464,-5.099585236818332,4.160012676868326,2281.024847648501,104.96141074642567
28.21898102760315,-2.0098618435051643,-5.099663548170202,4.157914371794219,2290.4112474705325,105.53990263536
28.278905868530273,-2.0077785937709116,-5.099756924851615,4.155930046385216,2299.8131014257838,106.16853507062623
28.33341670036316,-2.006083679933179,-5.099893651717719,4.154331774872572,2309.2294877280156,106.84397923322527
28.40271019935608,-2.0047703357728572,-5.1000596459477325,4.1531092770271405,2318.666155735347,107.56367242890803
28.477078437805176,-2.0038730102649174,-5.100227833675716,4.1522885699723,2328.1256950007964,108.32051857980545
28.534790515899658,-2.0031548126152523,-5.100396091105673,4.15164064088949,2337.6029393343383,109.09944952081212
28.592977046966553,-2.0025262935061368,-5.100550040548735,4.151075417522524,2347.0982226822434,109.88410424966902
28.653923511505127,-2.0022110528700567,-5.100640100513729,4.150795338555507,2356.6131268468257,110.67178312112192
28.713448762893677,-2.0022597308702057,-5.1007087025662745,4.150860465162661,2366.1479745634397,111.46294828887903
28.765527486801147,-2.002536099201054,-5.100755005294474,4.151139217984435,2375.700774199572,112.25570657761452
28.830177783966064,-2.0028835840211636,-5.1007649829800625,4.151476910086483,2385.2758267674562,113.04465538500173
28.89765453338623,-2.003244339796839,-5.100751362389588,4.15182114329579,2394.874085768703,113.82169094851031
28.98684787750244,-2.003695700638969,-5.100713290871232,4.152246261003259,2404.5029624558283,114.58262746822633
29.045842170715332,-2.004322129534321,-5.1006598281656075,4.1528361121546595,2414.152819877217,115.32877930721584
29.1046199798584,-2.0051394988147417,-5.100596146309759,4.153607381811369,2423.8240152256267,116.06166071291125
29.165348291397095,-2.006063329931002,-5.100524027637948,4.154479093559904,2433.517431612303,116.77703348737967
29.2208993434906,-2.0069597674403603,-5.10044177439371,4.155321729627741,2443.2312779791423,117.46791611281407
29.266536712646484,-2.007908404531797,-5.10035754681195,4.156214204049477,2452.9623891568062,118.12938752673672
29.32982325553894,-2.009045924644151,-5.100273387996638,4.157288870675151,2462.7170794457493,118.76186374679014
29.38724708557129,-2.010136043292829,-5.1001963503281615,4.158319744198572,2472.4932873733733,119.3746111567702
29.470623016357422,-2.010762846070203,-5.100145645095138,4.158910800659104,2482.2985888452276,119.98075140621981
29.54257369041443,-2.010779395649533,-5.1001207059269005,4.158920163717493,2492.1278044478986,120.58646696725182
29.618111610412598,-2.010359057399364,-5.100162079507077,4.158525744834394,2501.98118617531,121.19747277920517
29.68144702911377,-2.0097117611313657,-5.100257990458044,4.15792689364808,2511.8542006660646,121.82226158845096
29.74112367630005,-2.0090722852480614,-5.100361671584612,4.157337657279788,2521.7456650306,122.4702006749686
29.812950134277344,-2.0087381730819303,-5.100465449356882,4.157042932849323,2531.6603393398036,123.1332609515809
29.870630264282227,-2.00862931148275,-5.100543567252407,4.156958635865808,2541.594011116011,123.79966393404085
29.95130968093872,-2.008666505708671,-5.100548899576518,4.156995914641924,2551.5546121821976,124.4629903021561
30.021215438842773,-2.0087871544991227,-5.100515247362024,4.15710334965989,2561.538724584652,125.12013630263931
30.08836030960083,-2.0090507600171374,-5.100490734232771,4.157351061977587,2571.545774908876,125.77272833585893
30.166303634643555,-2.009438680473502,-5.100457132738484,4.157716252159603,2581.579638905083,126.42157675442401
30.23689103126526,-2.009730128679323,-5.100424285290228,4.157988613800573,2591.6376323361283,127.06696218482331
30.301026582717896,-2.009673656431043,-5.10043365883719,4.157936635950445,2601.716807202877,127.71461246213445
30.354496955871582,-2.009457447301207,-5.100492413211301,4.157743687777632,2611.81328884485,128.36629432082105
30.406841278076172,-2.0093868118594593,-5.100523001281126,4.157683668036972,2621.9270465841546,129.0201160596397
30.465824842453003,-2.009418497340636,-5.10052620540881,4.157715071479617,2632.060506865805,129.67437293562836
30.537155389785767,-2.00945716664255,-5.100526465549783,4.157752430402368,2642.217784433085,130.32935301445298
30.613215923309326,-2.0094741544000443,-5.10054329987212,4.157773268192406,2652.4004109222374,130.98597161165074
30.668275833129883,-2.0094843659620474,-5.100560219478233,4.157787594092807,2662.6013861945216,131.64404643757473
30.728190183639526,-2.0094939175285407,-5.100569479931167,4.157799256199646,2672.8223188236743,132.30323112710246
30.77724552154541,-2.009502319031527,-5.100585471138964,4.157811590921523,2683.0595988654413,132.96350780975942
30.82830309867859,-2.0095077505837633,-5.100594772032261,4.157819290711901,2693.313880535232,133.6248939300407
30.886924743652344,-2.0095083909391396,-5.100611088517537,4.157824227306769,2703.587673243457,134.28761192794465
30.942497968673706,-2.009510877583946,-5.100625270998269,4.157830379491688,2713.8799663844725,134.95150864668813
30.998566389083862,-2.009514079831342,-5.100634932619345,4.157836025057717,2724.190923319396,135.61654254828986
31.08646869659424,-2.0095153041900966,-5.100644416307422,4.157839716208804,2734.531127944288,136.2834536702164
31.17621421813965,-2.009515774937264,-5.100658021869159,4.157843771785528,2744.9011945188217,136.95237898164268
31.238556623458862,-2.00951595806943,-5.100671611556577,4.157847545846285,2755.2920072994148,137.62270783925402
31.322880744934082,-2.009516040105001,-5.100682166676226,4.157850419134672,2765.710875753658,138.29479844350223
31.39694380760193,-2.0095142626525098,-5.100694425672291,4.157851950360902,2776.1543833963838,138.96843628267868
31.478212356567383,-2.0095138406208664,-5.100706199855697,4.157854660342406,2786.624930171848,139.64377367732382
31.54698085784912,-2.009514649604386,-5.100712792292656,4.1578571856797675,2797.1183576570966,140.32053480719702
31.61479425430298,-2.0095135129099853,-5.100721933999212,4.15785850964108,2807.634345065624,140.99872658005194
31.67261242866516,-2.0095154750056223,-5.1007322815148965,4.157863141071211,2818.1695764683727,141.67823080045412
31.74941110610962,-2.009514440751796,-5.100744052653549,4.15786525996807,2828.7303585085288,142.3595471601201
31.818121910095215,-2.009515544811894,-5.1007558582602215,4.15786945004078,2839.3140066127435,143.042274522652
31.884248733520508,-2.009516096505847,-5.10076360166961,4.157872032049584,2849.9196569010087,143.72633517440497
31.958995580673218,-2.009514593584361,-5.100773641884983,4.1578732408329495,2860.5501731965614,144.41207131935508
32.02834129333496,-2.0095152387989046,-5.100785499444105,4.157877002262939,2871.20376579858,145.09929869664882
32.085740089416504,-2.0095153886042603,-5.100792421501452,4.157878979322198,2881.876455892582,145.78771073566864
32.15042757987976,-2.0095144823426825,-5.1008065156552735,4.157881836828076,2892.5706704338145,146.4776115017803
32.215550661087036,-2.009513971387859,-5.100814874502765,4.1578835571334825,2903.286551238819,147.1689016587412
32.27854871749878,-2.0095129200544903,-5.100827397705416,4.157885858897856,2914.0233931250514,147.861574968261
32.34574842453003,-2.009513753397961,-5.100835096662721,4.157888700859107,2924.782595105348,148.55560277673732
32.42251110076904,-2.0095137432227186,-5.100845074923386,4.157891332884367,2935.567337547074,149.25123693626554
32.5080783367157,-2.0095142188273507,-5.100853035044137,4.1578938990484815,2946.380548999069,149.94877243357632
32.58201217651367,-2.009513151562496,-5.100864271850968,4.157895844966608,2957.2183581971562,150.64797922283157
32.67007660865784,-2.009514315757738,-5.100871168057885,4.157898793492618,2968.0854682046365,151.34908222146606
32.74273347854614,-2.0095133747541007,-5.100880896094431,4.157900461737594,2978.9767504668716,152.0516657126023
32.81317710876465,-2.00951434228901,-5.100885625711605,4.157902646998809,2989.891470319502,152.7557216779192
32.883732318878174,-2.009514079582388,-5.100892022503521,4.15790408734753,3000.8296628341786,153.4612088108715
32.93932604789734,-2.0095149179636023,-5.100892387860336,4.157904992543902,3011.786349963335,154.16777370831403
33.00104069709778,-2.0095146653289815,-5.100901939844853,4.157907278023686,3022.763571533261,154.8757087156351
33.05873107910156,-2.0095135494276612,-5.1009115232620985,4.157908739389944,3033.759986597522,155.58503992508247
33.11328935623169,-2.0095139968016067,-5.100922103890051,4.157911972298319,3044.7745582409448,156.29568124791282
33.17311120033264,-2.0095134211229597,-5.100928319200656,4.157913062845725,3055.8090313146154,157.00753169486066
33.23284983634949,-2.0095145784329014,-5.100931683556822,4.157915069662344,3066.863380848752,157.72056818318026
33.29229116439819,-2.0095144465986756,-5.100937957887907,4.157916603853652,3077.937506587366,158.43484438622488
33.37025809288025,-2.009513861311651,-5.100945627795042,4.157918070310103,3089.0375706353348,159.1508721227145
33.433465003967285,-2.0095149380172947,-5.100954111732228,4.157921354995057,3100.158668351372,159.86835031957543
33.501240253448486,-2.009515210116997,-5.100960458200692,4.157923297835234,3111.302315492074,160.58725544716157
33.55723714828491,-2.0095146056187603,-5.100964707117357,4.1579238399696745,3122.4645904394874,161.30729910121516
33.616588830947876,-2.009514454262251,-5.100975205542357,4.157926473875765,3133.6466150281035,162.02869817268515
33.6863899230957,-2.0095141941702024,-5.100979716100424,4.15792741741807,3144.851860239966,162.75153342205206
33.783923387527466,-2.009512288941112,-5.100985832595943,4.1579271997891905,3156.089547737287,163.476476088625
33.872642040252686,-2.009514048071559,-5.100990161044285,4.157930042268568,3167.3567540479285,164.20324401891096
33.960954427719116,-2.009511257893249,-5.10100187781642,4.157930454219741,3178.6533370086922,164.93205293895673
34.04266571998596,-2.0095150983523804,-5.100996244913125,4.157932666028697,3189.97710613673,165.6623084989926
34.11697316169739,-2.0095144694779723,-5.101004627895412,4.157934279374836,3201.3255968417857,166.39427732943932
34.18528628349304,-2.0095111070172935,-5.101026151842953,4.157936736452005,3212.69681765506,167.12813662821776
34.25054454803467,-2.0095102690269133,-5.101030873166131,4.1579371785895525,3224.089746690771,167.86317025182962
34.3229718208313,-2.0095118150976843,-5.101023714666203,4.157936773889821,3235.5067663942605,168.59928060670754
34.381166219711304,-2.0095141065832847,-5.101018644195681,4.157937640917291,3246.9431460796686,169.33648594031337
34.45980930328369,-2.009512549351464,-5.101023312317948,4.1579373753911275,3258.4056843798708,170.07566382166345
34.52886486053467,-2.0095086214713134,-5.101041868725484,4.157938501510009,3269.8911962025504,170.81673644252152
34.581130504608154,-2.0095064435789918,-5.101064535098888,4.15794240358786,3281.3941044322646,171.55939754878017
34.644217014312744,-2.0095114448936355,-5.10107135038514,4.157949031117626,3292.918016054223,172.30318665719065
34.701387882232666,-2.0095152827831737,-5.1010673738317935,4.157951678962692,3304.4609517774315,173.04754065326878
34.76309871673584,-2.0095136171500863,-5.101081827224062,4.15795390022004,3316.024420905579,173.79359204295173
34.81661319732666,-2.0095138466605538,-5.10108835999509,4.157955851506769,3327.6056963069313,174.54080419563306
34.86824822425842,-2.0095139073269737,-5.101098912006392,4.157958704348815,3339.204155433977,175.2892552281344
34.91949915885925,-2.0095110224814383,-5.101104093643565,4.157957294686751,3350.81965821178,176.03863786049735
34.97848868370056,-2.009510781266997,-5.101108639820783,4.15795826599838,3362.454785987298,176.7892189140737
35.045974254608154,-2.0095125383747567,-5.101113883705543,4.157961349059596,3374.1123707500224,177.54125685383084
